<?xml version="1.0" encoding="US-ASCII" standalone="yes"?>
<objectListWrapper>
    <objects>
        <objectContainer>
            <project>
                <name>RPA Challenge</name>
                <description></description>
                <author>rafaelguzman</author>
                <runs>
                    <run>
                        <campaign>
                            <active>true</active>
                            <businessRules/>
                            <campaignMaps>
                                <campaignMap>
                                    <activateTracking>false</activateTracking>
                                    <businessRule>
                                        <content>#RuleContext.APPROVE_ALL_RULE</content>
                                        <name>Approve All</name>
                                        <ruleType>WORKFLOW_RULE</ruleType>
                                        <ruleTypeUI>Composite</ruleTypeUI>
                                        <uuid>432f3890-6a00-48af-aa04-cd1db133b346</uuid>
                                        <workflowRuleMode>SIMPLE</workflowRuleMode>
                                    </businessRule>
                                    <campaign>
                                        <active>true</active>
                                        <businessRules/>
                                        <campaignMaps/>
                                        <campaigns/>
                                        <createNewTrainingSet>false</createNewTrainingSet>
                                        <executingType>MACHINE</executingType>
                                        <includeOriginalData>false</includeOriginalData>
                                        <inputType>INPUT_REQUIRED</inputType>
                                        <machineConfig>
                                            <answers/>
                                            <content>&lt;?xml version="1.0" encoding="UTF-8"?&gt;
&lt;config xmlns="http://web-harvest.sourceforge.net/schema/1.0/config" scriptlang="groovy"&gt;

    &lt;robotics-flow&gt;
        &lt;robot driver="universal" close-on-completion="true"&gt;
        
        	&lt;capability name="chromeOptions"&gt;
				&lt;script return="chromeArgs"&gt;&lt;![CDATA[
					//for getting 'Save As' dialogue box while downloading any file
					import java.util.Hashtable;
					import org.openqa.selenium.remote.DesiredCapabilities;
					import org.openqa.selenium.chrome.ChromeOptions;

					ChromeOptions options = new ChromeOptions();
					Map&lt;String, Object&gt; chromePrefs = new Hashtable&lt;String, Object&gt;();
					chromePrefs.put("profile.default_content_settings.popups", 0);
					chromePrefs.put("download.prompt_for_download", true);
					options.setExperimentalOption("prefs", chromePrefs);
					options.setExperimentalOption("w3c", false);
					chromeArgs = options;
				]]&gt;&lt;/script&gt;
			&lt;/capability&gt;
			
            &lt;script&gt;&lt;![CDATA[
                import challenge.rpachallenge.app.RPAChallengeApp
                import challenge.rpachallenge.supplier.TransactionSupplierRPAChallenge

                def app = RPAChallengeApp.init(binding).get();
                def transactions = app.loadTransactions(TransactionSupplierRPAChallenge.class);

                // Exporting only transaction ids to the next steps.
                result = [];
                transactions.each {
                    result &lt;&lt; ['transaction_id': it.id];
                }
                ]]&gt;&lt;/script&gt;
        &lt;/robot&gt;
    &lt;/robotics-flow&gt;

    &lt;export include-original-data="false"&gt;
        &lt;multi-column list="${result}" split-results="true"&gt;
            &lt;put-to-column-getter name="_sys_transaction_id" property="transaction_id"/&gt;
        &lt;/multi-column&gt;
    &lt;/export&gt;
&lt;/config&gt;</content>
                                            <gavc>challenge:rpachallenge-bcb:0.0.1:main:RPA Challenge Supplier</gavc>
                                            <includedConfigs/>
                                            <inclusionCode>challenge:rpachallenge-bcb:0.0.1:main:RPA Challenge Supplier</inclusionCode>
                                            <machineWorkSetting>
                                                <category>
                                                    <automation>false</automation>
                                                    <description></description>
                                                    <enabled>true</enabled>
                                                    <executingType>MACHINE</executingType>
                                                    <name>Other</name>
                                                    <private>false</private>
                                                    <publicId>dd92f240-144b-4fef-8476-4ec0acbc1105</publicId>
                                                </category>
                                                <contentType>BLANK</contentType>
                                                <description></description>
                                                <enabled>true</enabled>
                                                <name>Miscellaneous Tasks</name>
                                                <publicId>26e6e095-00bb-43fa-8c34-af0b18e71ac9</publicId>
                                                <version>
                                                    <lastModified>2022-09-08T19:46:05.067Z</lastModified>
                                                    <componentUuid>26e6e095-00bb-43fa-8c34-af0b18e71ac9</componentUuid>
                                                    <incrementalVersion>1.0</incrementalVersion>
                                                    <lastInChain>true</lastInChain>
                                                    <versionUuid>64fd6d4d-bfa1-4bab-9c2a-a3ebbbf0c26a</versionUuid>
                                                </version>
                                                <answers/>
                                                <machineWorkSettingType>BASIC</machineWorkSettingType>
                                                <template>
                                                    <content>&lt;?xml version="1.0" encoding="UTF-8"?&gt;
&lt;config charset="UTF-8"&gt;
	&lt;export include-original-data="true"&gt;
	&lt;/export&gt;
&lt;/config&gt;</content>
                                                    <name>Blank</name>
                                                    <origination>CREATED_MANUALLY</origination>
                                                    <status>ACTIVE</status>
                                                    <type>BASE_MACHINE</type>
                                                    <uuid>8f04bd99-7f51-4796-a528-d1a7c9ccfbc4</uuid>
                                                    <version>
                                                        <lastModified>2022-09-08T19:46:05.067Z</lastModified>
                                                        <componentUuid>8f04bd99-7f51-4796-a528-d1a7c9ccfbc4</componentUuid>
                                                        <incrementalVersion>1.0</incrementalVersion>
                                                        <lastInChain>false</lastInChain>
                                                        <versionUuid>a8eec649-88b9-4fca-abdb-18bf4a408e8f</versionUuid>
                                                    </version>
                                                </template>
                                            </machineWorkSetting>
                                            <machineWorkSettingType>BASIC</machineWorkSettingType>
                                            <name>rpachallenge - RPA/BCB v0.0.1 (RPA Challenge Supplier)</name>
                                            <machineConfigOptions/>
                                            <sourceType>BUNDLE</sourceType>
                                            <template>
                                                <content>&lt;?xml version="1.0" encoding="UTF-8"?&gt;
&lt;config charset="UTF-8"&gt;
	&lt;export include-original-data="true"&gt;
	&lt;/export&gt;
&lt;/config&gt;</content>
                                                <name>Blank</name>
                                                <origination>CREATED_MANUALLY</origination>
                                                <status>ACTIVE</status>
                                                <type>BASE_MACHINE</type>
                                                <uuid>8f04bd99-7f51-4796-a528-d1a7c9ccfbc4</uuid>
                                                <version>
                                                    <lastModified>2022-09-08T19:46:05.067Z</lastModified>
                                                    <componentUuid>8f04bd99-7f51-4796-a528-d1a7c9ccfbc4</componentUuid>
                                                    <incrementalVersion>1.0</incrementalVersion>
                                                    <lastInChain>false</lastInChain>
                                                    <versionUuid>a8eec649-88b9-4fca-abdb-18bf4a408e8f</versionUuid>
                                                </version>
                                            </template>
                                            <uuid>33befdfb-60da-41d3-91cc-e18659692bdc</uuid>
                                            <version>
                                                <lastModified>2022-12-20T15:25:03.450Z</lastModified>
                                                <componentUuid>14d1281b-2df2-4a14-a07f-d234baf5bf72</componentUuid>
                                                <incrementalVersion>1.4</incrementalVersion>
                                                <lastInChain>true</lastInChain>
                                                <versionUuid>e46b0062-2d56-44a2-8925-1887dbc5fcf8</versionUuid>
                                            </version>
                                        </machineConfig>
                                        <origination>CREATED_AUTOMATICALLY</origination>
                                        <status>ACTIVE</status>
                                        <title>rpachallenge - RPA/BCB v0.0.1 (RPA Challenge Supplier)</title>
                                        <type>SINGLE</type>
                                        <uuid>d66c0b67-1855-4e3a-9d55-feead61a9f46</uuid>
                                        <validWorkflow>false</validWorkflow>
                                        <version>
                                            <lastModified>2022-12-20T15:25:03.450Z</lastModified>
                                            <componentUuid>5714f0ea-12fe-4dcc-93b3-2803ef414251</componentUuid>
                                            <incrementalVersion>1.0</incrementalVersion>
                                            <lastInChain>true</lastInChain>
                                            <versionUuid>c8bfa4c2-973d-4c98-9d2d-678fe80c4b51</versionUuid>
                                        </version>
                                        <workSettingBase>false</workSettingBase>
                                    </campaign>
                                    <deleted>false</deleted>
                                    <lastModifiedAudit>
                                        <lastModified>2022-12-20T15:31:32.082Z</lastModified>
                                    </lastModifiedAudit>
                                    <skipForSTPCalculation>false</skipForSTPCalculation>
                                    <stepIndex>1</stepIndex>
                                    <stepPosition>START</stepPosition>
                                    <streamed>false</streamed>
                                    <uuid>20dbda17-021e-425b-a662-d161b2cf4955</uuid>
                                </campaignMap>
                                <campaignMap>
                                    <activateTracking>false</activateTracking>
                                    <businessRule>
                                        <content>#RuleContext.APPROVE_ALL_RULE</content>
                                        <name>Approve All</name>
                                        <ruleType>WORKFLOW_RULE</ruleType>
                                        <ruleTypeUI>Composite</ruleTypeUI>
                                        <uuid>d2c20d48-20fd-48af-fee2-3add206ea1b4</uuid>
                                        <workflowRuleMode>SIMPLE</workflowRuleMode>
                                    </businessRule>
                                    <campaign>
                                        <active>true</active>
                                        <businessRules/>
                                        <campaignMaps/>
                                        <campaigns/>
                                        <createNewTrainingSet>false</createNewTrainingSet>
                                        <executingType>MACHINE</executingType>
                                        <includeOriginalData>false</includeOriginalData>
                                        <inputType>INPUT_REQUIRED</inputType>
                                        <machineConfig>
                                            <answers/>
                                            <content>&lt;?xml version="1.0" encoding="UTF-8"?&gt;
&lt;config
	xmlns="http://web-harvest.sourceforge.net/schema/1.0/config"
	scriptlang="groovy"&gt;

	&lt;robotics-flow&gt;
		&lt;robot driver="universal" close-on-completion="true"&gt;
			
			&lt;script&gt;&lt;![CDATA[
				import challenge.rpachallenge.app.RPAChallengeApp
				import challenge.rpachallenge.processor.TransactionProcessorRPAChallenge
		
				String transactionId = _sys_transaction_id.toString();
				
				def app = RPAChallengeApp.init(binding).get();
				def processedTransaction = app.processTransaction(TransactionProcessorRPAChallenge.class,transactionId);
				
			]]&gt;&lt;/script&gt;
			
		&lt;/robot&gt;
	&lt;/robotics-flow&gt;

	&lt;export include-original-data="true"&gt;
	&lt;/export&gt;
&lt;/config&gt;</content>
                                            <gavc>challenge:rpachallenge-bcb:0.0.1:main:RPA Challenge Processor</gavc>
                                            <includedConfigs/>
                                            <inclusionCode>challenge:rpachallenge-bcb:0.0.1:main:RPA Challenge Processor</inclusionCode>
                                            <machineWorkSetting>
                                                <category>
                                                    <automation>false</automation>
                                                    <description></description>
                                                    <enabled>true</enabled>
                                                    <executingType>MACHINE</executingType>
                                                    <name>Other</name>
                                                    <private>false</private>
                                                    <publicId>dd92f240-144b-4fef-8476-4ec0acbc1105</publicId>
                                                </category>
                                                <contentType>BLANK</contentType>
                                                <description></description>
                                                <enabled>true</enabled>
                                                <name>Miscellaneous Tasks</name>
                                                <publicId>26e6e095-00bb-43fa-8c34-af0b18e71ac9</publicId>
                                                <version>
                                                    <lastModified>2022-09-08T19:46:05.067Z</lastModified>
                                                    <componentUuid>26e6e095-00bb-43fa-8c34-af0b18e71ac9</componentUuid>
                                                    <incrementalVersion>1.0</incrementalVersion>
                                                    <lastInChain>true</lastInChain>
                                                    <versionUuid>64fd6d4d-bfa1-4bab-9c2a-a3ebbbf0c26a</versionUuid>
                                                </version>
                                                <answers/>
                                                <machineWorkSettingType>BASIC</machineWorkSettingType>
                                                <template>
                                                    <content>&lt;?xml version="1.0" encoding="UTF-8"?&gt;
&lt;config charset="UTF-8"&gt;
	&lt;export include-original-data="true"&gt;
	&lt;/export&gt;
&lt;/config&gt;</content>
                                                    <name>Blank</name>
                                                    <origination>CREATED_MANUALLY</origination>
                                                    <status>ACTIVE</status>
                                                    <type>BASE_MACHINE</type>
                                                    <uuid>8f04bd99-7f51-4796-a528-d1a7c9ccfbc4</uuid>
                                                    <version>
                                                        <lastModified>2022-09-08T19:46:05.067Z</lastModified>
                                                        <componentUuid>8f04bd99-7f51-4796-a528-d1a7c9ccfbc4</componentUuid>
                                                        <incrementalVersion>1.0</incrementalVersion>
                                                        <lastInChain>false</lastInChain>
                                                        <versionUuid>a8eec649-88b9-4fca-abdb-18bf4a408e8f</versionUuid>
                                                    </version>
                                                </template>
                                            </machineWorkSetting>
                                            <machineWorkSettingType>BASIC</machineWorkSettingType>
                                            <name>rpachallenge - RPA/BCB v0.0.1 (RPA Challenge Processor)</name>
                                            <machineConfigOptions/>
                                            <sourceType>BUNDLE</sourceType>
                                            <template>
                                                <content>&lt;?xml version="1.0" encoding="UTF-8"?&gt;
&lt;config charset="UTF-8"&gt;
	&lt;export include-original-data="true"&gt;
	&lt;/export&gt;
&lt;/config&gt;</content>
                                                <name>Blank</name>
                                                <origination>CREATED_MANUALLY</origination>
                                                <status>ACTIVE</status>
                                                <type>BASE_MACHINE</type>
                                                <uuid>8f04bd99-7f51-4796-a528-d1a7c9ccfbc4</uuid>
                                                <version>
                                                    <lastModified>2022-09-08T19:46:05.067Z</lastModified>
                                                    <componentUuid>8f04bd99-7f51-4796-a528-d1a7c9ccfbc4</componentUuid>
                                                    <incrementalVersion>1.0</incrementalVersion>
                                                    <lastInChain>false</lastInChain>
                                                    <versionUuid>a8eec649-88b9-4fca-abdb-18bf4a408e8f</versionUuid>
                                                </version>
                                            </template>
                                            <uuid>94cd3a29-38b4-4a1a-8e8a-8d22b902453b</uuid>
                                            <version>
                                                <lastModified>2022-12-20T15:25:03.467Z</lastModified>
                                                <componentUuid>ea67d8f8-9129-43a9-b0e8-2e3fec33a6ea</componentUuid>
                                                <incrementalVersion>1.4</incrementalVersion>
                                                <lastInChain>true</lastInChain>
                                                <versionUuid>28ea2947-dd25-48ec-847d-8323b30eaf97</versionUuid>
                                            </version>
                                        </machineConfig>
                                        <origination>CREATED_AUTOMATICALLY</origination>
                                        <status>ACTIVE</status>
                                        <title>rpachallenge - RPA/BCB v0.0.1 (RPA Challenge Processor)</title>
                                        <type>SINGLE</type>
                                        <uuid>a543faaf-e7d4-4c5a-a096-486fbabbaab6</uuid>
                                        <validWorkflow>false</validWorkflow>
                                        <version>
                                            <lastModified>2022-12-20T15:25:03.467Z</lastModified>
                                            <componentUuid>76e0db9c-5eb1-4715-b42d-1a42805068a0</componentUuid>
                                            <incrementalVersion>1.0</incrementalVersion>
                                            <lastInChain>true</lastInChain>
                                            <versionUuid>88d9a3e4-3a13-42bd-944e-7e20a9af91a5</versionUuid>
                                        </version>
                                        <workSettingBase>false</workSettingBase>
                                    </campaign>
                                    <deleted>false</deleted>
                                    <lastModifiedAudit>
                                        <lastModified>2022-12-20T15:31:32.082Z</lastModified>
                                    </lastModifiedAudit>
                                    <skipForSTPCalculation>false</skipForSTPCalculation>
                                    <stepIndex>2</stepIndex>
                                    <stepPosition>INTERMEDIATE</stepPosition>
                                    <streamed>false</streamed>
                                    <uuid>6c710fa8-1ae6-4d42-8574-a7a587a8b26d</uuid>
                                </campaignMap>
                                <campaignMap>
                                    <activateTracking>false</activateTracking>
                                    <businessRule>
                                        <content>package com.freedomoss.requester;

#list any import classes here.
import com.freedomoss.objective.model.CompositeRuleContext;
import com.freedomoss.objective.model.CompositeRuleDataItemContext;
import com.freedomoss.requester.model.AwsHitQuestionItem;
import com.freedomoss.requester.model.AwsHitQuestionAnswerItem;
import org.slf4j.Logger;
import java.util.Map;
import java.util.Iterator;
import java.util.List;
import java.util.Set;
import java.util.ArrayList;
import com.freedomoss.requester.dto.SubmissionResultDTO;

#declare any global variables here
global CompositeRuleContext source
global Logger log
global Map params



rule "Rule context initialization"
auto-focus true
no-loop
dialect "mvel"
agenda-group "initialization-group"
	when
		$ctx:CompositeRuleContext(initialized == false);
	then
		$ctx.updateWorkingMemory();
		# move to business rules
		$ctx.logExecutedRule(kcontext.getRule().getName());
		kcontext.getKnowledgeRuntime().getAgenda().getAgendaGroup("calculation").setFocus();
end</content>
                                        <name>Business Process: End Rule</name>
                                        <ruleType>WORKFLOW_RULE</ruleType>
                                        <uuid>20b6191c-1d50-489c-b053-1b3895fbeb5g</uuid>
                                        <workflowRuleMode>ADVANCED</workflowRuleMode>
                                    </businessRule>
                                    <campaign>
                                        <active>false</active>
                                        <businessRules/>
                                        <campaignMaps/>
                                        <campaigns/>
                                        <createNewTrainingSet>false</createNewTrainingSet>
                                        <executingType>MACHINE</executingType>
                                        <includeOriginalData>false</includeOriginalData>
                                        <inputType>INPUT_REQUIRED</inputType>
                                        <machineConfig>
                                            <answers/>
                                            <content>&lt;?xml version="1.0" encoding="UTF-8"?&gt;
&lt;config charset="UTF-8"&gt;

    &lt;var-def name="exportType"&gt;
        &lt;case&gt;
            &lt;if condition='${sys.isVariableDefined("_sys_export_type")}'&gt;
                &lt;template&gt;${_sys_export_type}&lt;/template&gt;
            &lt;/if&gt;
        &lt;/case&gt;
    &lt;/var-def&gt;

    &lt;var-def name="exportColumns"&gt;
        &lt;case&gt;
            &lt;if condition='${sys.isVariableDefined("_sys_export_columns")}'&gt;
                &lt;template&gt;${_sys_export_columns}&lt;/template&gt;
            &lt;/if&gt;
            &lt;else&gt;&lt;/else&gt;
        &lt;/case&gt;
    &lt;/var-def&gt;

    &lt;var-def name="columnNameCase"&gt;
        &lt;case&gt;
            &lt;if condition='${sys.isVariableDefined("_sys_column_name_case")}'&gt;
                &lt;template&gt;${_sys_column_name_case}&lt;/template&gt;
            &lt;/if&gt;
            &lt;else&gt;keep&lt;/else&gt;
        &lt;/case&gt;
    &lt;/var-def&gt;

    &lt;var-def name="dataOnly"&gt;
        &lt;case&gt;
            &lt;if condition='${sys.isVariableDefined("_sys_data_only")}'&gt;
                &lt;template&gt;${_sys_data_only}&lt;/template&gt;
            &lt;/if&gt;
            &lt;else&gt;true&lt;/else&gt;
        &lt;/case&gt;
    &lt;/var-def&gt;

    &lt;var-def name="datastoreName"&gt;
        &lt;script return="item.getWrappedObject().getRun().getDatastoreName()" /&gt;
    &lt;/var-def&gt;
    &lt;case&gt;
        &lt;if condition="${!datastoreName.isEmpty()}"&gt;
            &lt;insert-datastore   datastore-name="${datastoreName}" create="true"&gt;
                &lt;script return="hit_submission_data_item.getWrappedObject().getItemValueMap()"/&gt;
            &lt;/insert-datastore&gt;
        &lt;/if&gt;
    &lt;/case&gt;

    &lt;export include-original-data="true"
            export-type="${exportType}"
            export-columns="${exportColumns}"
            column-name-case="${columnNameCase}"
            &gt;
    &lt;/export&gt;
&lt;/config&gt;</content>
                                            <description>Default machine campaign for end step.</description>
                                            <includedConfigs/>
                                            <inclusionCode>9e5000e3-c243-42d3-b5ad-c6ac90dec35e</inclusionCode>
                                            <machineWorkSetting>
                                                <category>
                                                    <automation>false</automation>
                                                    <description></description>
                                                    <enabled>true</enabled>
                                                    <executingType>MACHINE</executingType>
                                                    <name>Other</name>
                                                    <private>false</private>
                                                    <publicId>dd92f240-144b-4fef-8476-4ec0acbc1105</publicId>
                                                </category>
                                                <contentType>BLANK</contentType>
                                                <description></description>
                                                <enabled>true</enabled>
                                                <name>Miscellaneous Tasks</name>
                                                <publicId>26e6e095-00bb-43fa-8c34-af0b18e71ac9</publicId>
                                                <version>
                                                    <lastModified>2022-09-08T19:46:05.067Z</lastModified>
                                                    <componentUuid>26e6e095-00bb-43fa-8c34-af0b18e71ac9</componentUuid>
                                                    <incrementalVersion>1.0</incrementalVersion>
                                                    <lastInChain>true</lastInChain>
                                                    <versionUuid>64fd6d4d-bfa1-4bab-9c2a-a3ebbbf0c26a</versionUuid>
                                                </version>
                                                <answers/>
                                                <machineWorkSettingType>BASIC</machineWorkSettingType>
                                                <template>
                                                    <content>&lt;?xml version="1.0" encoding="UTF-8"?&gt;
&lt;config charset="UTF-8"&gt;
	&lt;export include-original-data="true"&gt;
	&lt;/export&gt;
&lt;/config&gt;</content>
                                                    <name>Blank</name>
                                                    <origination>CREATED_MANUALLY</origination>
                                                    <status>ACTIVE</status>
                                                    <type>BASE_MACHINE</type>
                                                    <uuid>8f04bd99-7f51-4796-a528-d1a7c9ccfbc4</uuid>
                                                    <version>
                                                        <lastModified>2022-09-08T19:46:05.067Z</lastModified>
                                                        <componentUuid>8f04bd99-7f51-4796-a528-d1a7c9ccfbc4</componentUuid>
                                                        <incrementalVersion>1.0</incrementalVersion>
                                                        <lastInChain>false</lastInChain>
                                                        <versionUuid>a8eec649-88b9-4fca-abdb-18bf4a408e8f</versionUuid>
                                                    </version>
                                                </template>
                                            </machineWorkSetting>
                                            <name>Final Results</name>
                                            <machineConfigOptions/>
                                            <sourceType>MANUAL</sourceType>
                                            <template>
                                                <content>&lt;?xml version="1.0" encoding="UTF-8"?&gt;
&lt;config charset="UTF-8"&gt;
	&lt;export include-original-data="true"&gt;
	&lt;/export&gt;
&lt;/config&gt;</content>
                                                <name>Blank</name>
                                                <origination>CREATED_MANUALLY</origination>
                                                <status>ACTIVE</status>
                                                <type>BASE_MACHINE</type>
                                                <uuid>8f04bd99-7f51-4796-a528-d1a7c9ccfbc4</uuid>
                                                <version>
                                                    <lastModified>2022-09-08T19:46:05.067Z</lastModified>
                                                    <componentUuid>8f04bd99-7f51-4796-a528-d1a7c9ccfbc4</componentUuid>
                                                    <incrementalVersion>1.0</incrementalVersion>
                                                    <lastInChain>false</lastInChain>
                                                    <versionUuid>a8eec649-88b9-4fca-abdb-18bf4a408e8f</versionUuid>
                                                </version>
                                            </template>
                                            <uuid>9e5000e3-c243-42d3-b5ad-c6ac90dec35e</uuid>
                                            <version>
                                                <lastModified>2022-09-08T19:46:05.067Z</lastModified>
                                                <componentUuid>9e5000e3-c243-42d3-b5ad-c6ac90dec35e</componentUuid>
                                                <incrementalVersion>1.0</incrementalVersion>
                                                <lastInChain>true</lastInChain>
                                                <versionUuid>c06c54bd-b966-4434-b5d6-5ef41702c73c</versionUuid>
                                            </version>
                                        </machineConfig>
                                        <origination>CREATED_AUTOMATICALLY</origination>
                                        <status>ACTIVE</status>
                                        <title>Final Results</title>
                                        <type>SINGLE</type>
                                        <uuid>af4c8905-26dd-4120-b208-39ad3530ffc6</uuid>
                                        <validWorkflow>false</validWorkflow>
                                        <version>
                                            <lastModified>2022-09-08T19:46:05.067Z</lastModified>
                                            <componentUuid>9f6a0dc2-8693-11e7-be4e-06d2c080f20b</componentUuid>
                                            <incrementalVersion>1.0</incrementalVersion>
                                            <lastInChain>false</lastInChain>
                                            <versionUuid>29566336-d195-4c6e-9234-ddcba5071e2f</versionUuid>
                                        </version>
                                        <workSettingBase>false</workSettingBase>
                                    </campaign>
                                    <deleted>false</deleted>
                                    <lastModifiedAudit>
                                        <lastModified>2022-12-20T15:31:32.082Z</lastModified>
                                    </lastModifiedAudit>
                                    <skipForSTPCalculation>false</skipForSTPCalculation>
                                    <stepIndex>3</stepIndex>
                                    <stepPosition>END</stepPosition>
                                    <streamed>false</streamed>
                                    <uuid>dd0ccbe2-4829-460b-c54b-84e7e81efd02</uuid>
                                </campaignMap>
                            </campaignMaps>
                            <campaigns/>
                            <compositeStructureXml>&lt;mxGraphModel&gt;
  &lt;root&gt;
    &lt;mxCell id="0"/&gt;
    &lt;mxCell id="1" parent="0"/&gt;
    &lt;Start id="2" name="Start" type="start"&gt;
      &lt;mxCell parent="1" style="start" vertex="1"&gt;
        &lt;mxGeometry as="geometry" height="32.0" width="32.0" x="90.0" y="144.0"/&gt;
      &lt;/mxCell&gt;
    &lt;/Start&gt;
    &lt;End campaignMapUUID="dd0ccbe2-4829-460b-c54b-84e7e81efd02" id="3" name="End" type="end"&gt;
      &lt;mxCell parent="1" style="end" vertex="1"&gt;
        &lt;mxGeometry as="geometry" height="32.0" width="32.0" x="590.0" y="144.0"/&gt;
      &lt;/mxCell&gt;
    &lt;/End&gt;
    &lt;MachineTask campaignMapUUID="20dbda17-021e-425b-a662-d161b2cf4955" id="4" name="rpachallenge - RPA/BCB v0.0.1 (RPA Challenge Supplier)" taskUUID="d66c0b67-1855-4e3a-9d55-feead61a9f46" type="machine_task"&gt;
      &lt;mxCell parent="1" style="machine_task" vertex="1"&gt;
        &lt;mxGeometry as="geometry" height="60.0" width="160.0" x="170.39999389648438" y="130.20001220703125"/&gt;
      &lt;/mxCell&gt;
    &lt;/MachineTask&gt;
    &lt;MachineTask campaignMapUUID="6c710fa8-1ae6-4d42-8574-a7a587a8b26d" id="5" name="rpachallenge - RPA/BCB v0.0.1 (RPA Challenge Processor)" taskUUID="a543faaf-e7d4-4c5a-a096-486fbabbaab6" type="machine_task"&gt;
      &lt;mxCell parent="1" style="machine_task" vertex="1"&gt;
        &lt;mxGeometry as="geometry" height="60.0" width="160.0" x="380.4000244140625" y="130.20001220703125"/&gt;
      &lt;/mxCell&gt;
    &lt;/MachineTask&gt;
    &lt;Link id="6" name="" type="link"&gt;
      &lt;mxCell edge="1" parent="1" source="2" style="link" target="4"&gt;
        &lt;mxGeometry as="geometry" relative="1" x="0.5" y="10.0"/&gt;
      &lt;/mxCell&gt;
    &lt;/Link&gt;
    &lt;Link id="7" name="" outcome="ApproveAll" outcomeId="ApproveAll" ruleUUID="432f3890-6a00-48af-aa04-cd1db133b346" type="link"&gt;
      &lt;mxCell edge="1" parent="1" source="4" style="link" target="5"&gt;
        &lt;mxGeometry as="geometry" relative="1" x="0.5" y="10.0"/&gt;
      &lt;/mxCell&gt;
    &lt;/Link&gt;
    &lt;Link id="8" name="" outcome="ApproveAll" outcomeId="ApproveAll" ruleUUID="d2c20d48-20fd-48af-fee2-3add206ea1b4" type="link"&gt;
      &lt;mxCell edge="1" parent="1" source="5" style="link" target="3"&gt;
        &lt;mxGeometry as="geometry" relative="1" x="0.5" y="10.0"/&gt;
      &lt;/mxCell&gt;
    &lt;/Link&gt;
  &lt;/root&gt;
&lt;/mxGraphModel&gt;</compositeStructureXml>
                            <createNewTrainingSet>false</createNewTrainingSet>
                            <description>Business Process description</description>
                            <executingType>COMPOSITE</executingType>
                            <includeOriginalData>false</includeOriginalData>
                            <inputType>NO_DATA</inputType>
                            <origination>CREATED_AUTOMATICALLY</origination>
                            <status>ACTIVE</status>
                            <title>RPA Challenge</title>
                            <type>COMPOSITE</type>
                            <uuid>4f2da6e4-6e85-460e-ae1c-939b48e9969b</uuid>
                            <validWorkflow>true</validWorkflow>
                            <version>
                                <lastModified>2022-12-20T15:31:32.083Z</lastModified>
                                <componentUuid>7b9dabd7-81ea-4945-a1e3-765259ce4ec0</componentUuid>
                                <incrementalVersion>1.19</incrementalVersion>
                                <lastInChain>true</lastInChain>
                                <versionUuid>8c2182ba-1189-44f0-aa1f-4944a634975c</versionUuid>
                            </version>
                            <workSettingBase>false</workSettingBase>
                        </campaign>
                        <description>
                            <automationType>NONE</automationType>
                            <goldRun>false</goldRun>
                            <qualificationTraining>false</qualificationTraining>
                            <snapshotType>CSV</snapshotType>
                            <streamingValue>1</streamingValue>
                            <streamingValueType>Tasks</streamingValueType>
                            <taskParams>{"values":{"NAME":"rpachallenge - RPA/BCB v0.0.1 (RPA Challenge Supplier)"}}</taskParams>
                            <uploadResultsType>CREATE</uploadResultsType>
                        </description>
                        <executingType>MACHINE</executingType>
                        <forceComplete>false</forceComplete>
                        <forceCompleteIdleTime>0</forceCompleteIdleTime>
                        <forceCompletePercent>100</forceCompletePercent>
                        <lastModified>2022-12-20T15:32:44.760Z</lastModified>
                        <mainRows>1</mainRows>
                        <purged>false</purged>
                        <recordProcessingStatus>COMPLETED</recordProcessingStatus>
                        <recursiveCount>1</recursiveCount>
                        <rootRunUUID>89860270-c293-4780-858e-c927feee6a9b</rootRunUUID>
                        <runType>SIMPLE</runType>
                        <tags></tags>
                        <title>rpachallenge - RPA/BCB v0.0.1 (RPA Challenge Supplier)</title>
                        <uuid>89860270-c293-4780-858e-c927feee6a9b</uuid>
                    </run>
                </runs>
                <automationUseCases/>
                <automationInfo/>
            </project>
            <hashCode>623708393</hashCode>
        </objectContainer>
    </objects>
</objectListWrapper>
